dataset,method,variant,rep,seed,n_r,n_s,t,ok,wall_ms,count_value,count_exact,count_stderr,count_ci_low,count_ci_high,used_enumeration,enum_truncated,enum_cap,adaptive_branch,adaptive_pilot_pairs,phases_json,note,config_json,gen_report_json
d2_F0_n1000000_a200_gs1,kd_tree,sampling,0,1,1000000,1000000,10000000,1,10544.6,3.96399e+08,1,nan,nan,nan,0,0,0,,0,"{""build_ms"":199.427059,""build_points_ms"":197.878522,""phase1_count_ms"":3123.796515,""phase2_plan_ms"":898.419092,""phase3_fill_ms"":6290.607836,""run_build_ms"":199.432049,""run_count_ms"":3123.800785,""run_sample_ms"":7221.386131}",,"{""dataset"":{""source"":""binary"",""name"":""d2_F0_n1000000_a200_gs1"",""dim"":2,""path_r"":""/home/dhy/PhD/Comp-26.2.23/Join-Sampling-2D/run/temp/exp2_sjs_adv_d2/datasets/F0/d2_F0_n1000000_a200_gs1_R.bin"",""path_s"":""/home/dhy/PhD/Comp-26.2.23/Join-Sampling-2D/run/temp/exp2_sjs_adv_d2/datasets/F0/d2_F0_n1000000_a200_gs1_S.bin"",""synthetic"":{""generator"":""alacarte_rectgen"",""n_r"":100000,""n_s"":100000,""alpha"":1e-06,""seed"":1}},""run"":{""method"":""kd_tree"",""variant"":""sampling"",""t"":10000000,""seed"":1,""repeats"":3,""j_star"":50000000,""enum_cap"":0,""write_samples"":false,""verify"":false},""output"":{""out_dir"":""/home/dhy/PhD/Comp-26.2.23/Join-Sampling-2D/run/temp/exp2_sjs_adv_d2/out/D_family_F0/D_family_F0__F0__n1000000__a200__t10000000__kd_tree__sampling__B50000000__w512"",""run_tag"":""""},""sys"":{""threads"":1},""logging"":{""level"":""INFO"",""with_timestamp"":true,""with_thread_id"":false}}","{""generator"":""alacarte_rectgen"",""dataset"":""d2_F0_n1000000_a200_gs1"",""n_r"":1000000,""n_s"":1000000,""has_exact_k"":false,""k_target"":0,""k_achieved"":0,""alpha_target"":200,""alpha_achieved"":207.75,""notes"":""alacarte-local alpha_expected_est=198.162 coverage=98.1068 pair_p_est=0.000396323 alpha_hat_est=207.75 epsilon_alpha=0.03875 audit_pairs=2000000""}"
d2_F0_n1000000_a200_gs1,kd_tree,sampling,1,2,1000000,1000000,10000000,1,10792.3,3.96399e+08,1,nan,nan,nan,0,0,0,,0,"{""build_ms"":196.778918,""build_points_ms"":196.506344,""phase1_count_ms"":3375.748021,""phase2_plan_ms"":889.235358,""phase3_fill_ms"":6314.783745,""run_build_ms"":196.780018,""run_count_ms"":3375.778020,""run_sample_ms"":7219.747449}",,"{""dataset"":{""source"":""binary"",""name"":""d2_F0_n1000000_a200_gs1"",""dim"":2,""path_r"":""/home/dhy/PhD/Comp-26.2.23/Join-Sampling-2D/run/temp/exp2_sjs_adv_d2/datasets/F0/d2_F0_n1000000_a200_gs1_R.bin"",""path_s"":""/home/dhy/PhD/Comp-26.2.23/Join-Sampling-2D/run/temp/exp2_sjs_adv_d2/datasets/F0/d2_F0_n1000000_a200_gs1_S.bin"",""synthetic"":{""generator"":""alacarte_rectgen"",""n_r"":100000,""n_s"":100000,""alpha"":1e-06,""seed"":1}},""run"":{""method"":""kd_tree"",""variant"":""sampling"",""t"":10000000,""seed"":1,""repeats"":3,""j_star"":50000000,""enum_cap"":0,""write_samples"":false,""verify"":false},""output"":{""out_dir"":""/home/dhy/PhD/Comp-26.2.23/Join-Sampling-2D/run/temp/exp2_sjs_adv_d2/out/D_family_F0/D_family_F0__F0__n1000000__a200__t10000000__kd_tree__sampling__B50000000__w512"",""run_tag"":""""},""sys"":{""threads"":1},""logging"":{""level"":""INFO"",""with_timestamp"":true,""with_thread_id"":false}}","{""generator"":""alacarte_rectgen"",""dataset"":""d2_F0_n1000000_a200_gs1"",""n_r"":1000000,""n_s"":1000000,""has_exact_k"":false,""k_target"":0,""k_achieved"":0,""alpha_target"":200,""alpha_achieved"":207.75,""notes"":""alacarte-local alpha_expected_est=198.162 coverage=98.1068 pair_p_est=0.000396323 alpha_hat_est=207.75 epsilon_alpha=0.03875 audit_pairs=2000000""}"
d2_F0_n1000000_a200_gs1,kd_tree,sampling,2,3,1000000,1000000,10000000,1,10471.6,3.96399e+08,1,nan,nan,nan,0,0,0,,0,"{""build_ms"":211.851464,""build_points_ms"":211.561810,""phase1_count_ms"":3086.868835,""phase2_plan_ms"":893.289771,""phase3_fill_ms"":6264.626909,""run_build_ms"":211.853044,""run_count_ms"":3086.872635,""run_sample_ms"":7172.878345}",,"{""dataset"":{""source"":""binary"",""name"":""d2_F0_n1000000_a200_gs1"",""dim"":2,""path_r"":""/home/dhy/PhD/Comp-26.2.23/Join-Sampling-2D/run/temp/exp2_sjs_adv_d2/datasets/F0/d2_F0_n1000000_a200_gs1_R.bin"",""path_s"":""/home/dhy/PhD/Comp-26.2.23/Join-Sampling-2D/run/temp/exp2_sjs_adv_d2/datasets/F0/d2_F0_n1000000_a200_gs1_S.bin"",""synthetic"":{""generator"":""alacarte_rectgen"",""n_r"":100000,""n_s"":100000,""alpha"":1e-06,""seed"":1}},""run"":{""method"":""kd_tree"",""variant"":""sampling"",""t"":10000000,""seed"":1,""repeats"":3,""j_star"":50000000,""enum_cap"":0,""write_samples"":false,""verify"":false},""output"":{""out_dir"":""/home/dhy/PhD/Comp-26.2.23/Join-Sampling-2D/run/temp/exp2_sjs_adv_d2/out/D_family_F0/D_family_F0__F0__n1000000__a200__t10000000__kd_tree__sampling__B50000000__w512"",""run_tag"":""""},""sys"":{""threads"":1},""logging"":{""level"":""INFO"",""with_timestamp"":true,""with_thread_id"":false}}","{""generator"":""alacarte_rectgen"",""dataset"":""d2_F0_n1000000_a200_gs1"",""n_r"":1000000,""n_s"":1000000,""has_exact_k"":false,""k_target"":0,""k_achieved"":0,""alpha_target"":200,""alpha_achieved"":207.75,""notes"":""alacarte-local alpha_expected_est=198.162 coverage=98.1068 pair_p_est=0.000396323 alpha_hat_est=207.75 epsilon_alpha=0.03875 audit_pairs=2000000""}"
d2_F0_n1000000_a200_gs1,ours,adaptive,0,1,1000000,1000000,10000000,1,12797.6,3.96399e+08,1,nan,nan,nan,0,0,0,framework_III,0,"{""build_active_indices_ms"":253.632311,""build_events_ms"":419.638737,""build_ranks_ms"":680.536464,""build_y_domain_ms"":168.008439,""phase1_count_and_cache_ms"":5184.202132,""phase2_alias_ms"":68.165164,""phase2_fill_ms"":194.711410,""phase3_fill_residual_ms"":4570.520757,""run_build_ms"":1593.666146,""run_count_ms"":5184.207622,""run_sample_ms"":6019.768276}",,"{""dataset"":{""source"":""binary"",""name"":""d2_F0_n1000000_a200_gs1"",""dim"":2,""path_r"":""/home/dhy/PhD/Comp-26.2.23/Join-Sampling-2D/run/temp/exp2_sjs_adv_d2/datasets/F0/d2_F0_n1000000_a200_gs1_R.bin"",""path_s"":""/home/dhy/PhD/Comp-26.2.23/Join-Sampling-2D/run/temp/exp2_sjs_adv_d2/datasets/F0/d2_F0_n1000000_a200_gs1_S.bin"",""synthetic"":{""generator"":""alacarte_rectgen"",""n_r"":100000,""n_s"":100000,""alpha"":1e-06,""seed"":1}},""run"":{""method"":""ours"",""variant"":""adaptive"",""t"":10000000,""seed"":1,""repeats"":3,""j_star"":50000000,""enum_cap"":0,""write_samples"":false,""verify"":false},""output"":{""out_dir"":""/home/dhy/PhD/Comp-26.2.23/Join-Sampling-2D/run/temp/exp2_sjs_adv_d2/out/D_family_F0/D_family_F0__F0__n1000000__a200__t10000000__ours__adaptive__B50000000__w512"",""run_tag"":""""},""sys"":{""threads"":1},""logging"":{""level"":""INFO"",""with_timestamp"":true,""with_thread_id"":false}}","{""generator"":""alacarte_rectgen"",""dataset"":""d2_F0_n1000000_a200_gs1"",""n_r"":1000000,""n_s"":1000000,""has_exact_k"":false,""k_target"":0,""k_achieved"":0,""alpha_target"":200,""alpha_achieved"":207.75,""notes"":""alacarte-local alpha_expected_est=198.162 coverage=98.1068 pair_p_est=0.000396323 alpha_hat_est=207.75 epsilon_alpha=0.03875 audit_pairs=2000000""}"
d2_F0_n1000000_a200_gs1,ours,adaptive,1,2,1000000,1000000,10000000,1,13860,3.96399e+08,1,nan,nan,nan,0,0,0,framework_III,0,"{""build_active_indices_ms"":53.258437,""build_events_ms"":666.093828,""build_ranks_ms"":680.909460,""build_y_domain_ms"":163.390820,""phase1_count_and_cache_ms"":5003.949602,""phase2_alias_ms"":67.014032,""phase2_fill_ms"":195.808444,""phase3_fill_residual_ms"":4555.634093,""run_build_ms"":1604.458646,""run_count_ms"":5003.954973,""run_sample_ms"":5985.804799}",,"{""dataset"":{""source"":""binary"",""name"":""d2_F0_n1000000_a200_gs1"",""dim"":2,""path_r"":""/home/dhy/PhD/Comp-26.2.23/Join-Sampling-2D/run/temp/exp2_sjs_adv_d2/datasets/F0/d2_F0_n1000000_a200_gs1_R.bin"",""path_s"":""/home/dhy/PhD/Comp-26.2.23/Join-Sampling-2D/run/temp/exp2_sjs_adv_d2/datasets/F0/d2_F0_n1000000_a200_gs1_S.bin"",""synthetic"":{""generator"":""alacarte_rectgen"",""n_r"":100000,""n_s"":100000,""alpha"":1e-06,""seed"":1}},""run"":{""method"":""ours"",""variant"":""adaptive"",""t"":10000000,""seed"":1,""repeats"":3,""j_star"":50000000,""enum_cap"":0,""write_samples"":false,""verify"":false},""output"":{""out_dir"":""/home/dhy/PhD/Comp-26.2.23/Join-Sampling-2D/run/temp/exp2_sjs_adv_d2/out/D_family_F0/D_family_F0__F0__n1000000__a200__t10000000__ours__adaptive__B50000000__w512"",""run_tag"":""""},""sys"":{""threads"":1},""logging"":{""level"":""INFO"",""with_timestamp"":true,""with_thread_id"":false}}","{""generator"":""alacarte_rectgen"",""dataset"":""d2_F0_n1000000_a200_gs1"",""n_r"":1000000,""n_s"":1000000,""has_exact_k"":false,""k_target"":0,""k_achieved"":0,""alpha_target"":200,""alpha_achieved"":207.75,""notes"":""alacarte-local alpha_expected_est=198.162 coverage=98.1068 pair_p_est=0.000396323 alpha_hat_est=207.75 epsilon_alpha=0.03875 audit_pairs=2000000""}"
d2_F0_n1000000_a200_gs1,ours,adaptive,2,3,1000000,1000000,10000000,1,13916.4,3.96399e+08,1,nan,nan,nan,0,0,0,framework_III,0,"{""build_active_indices_ms"":53.209816,""build_events_ms"":697.539325,""build_ranks_ms"":672.680331,""build_y_domain_ms"":163.249340,""phase1_count_and_cache_ms"":5028.331068,""phase2_alias_ms"":55.663022,""phase2_fill_ms"":194.651365,""phase3_fill_residual_ms"":4556.344259,""run_build_ms"":1627.517437,""run_count_ms"":5028.335388,""run_sample_ms"":5972.232007}",,"{""dataset"":{""source"":""binary"",""name"":""d2_F0_n1000000_a200_gs1"",""dim"":2,""path_r"":""/home/dhy/PhD/Comp-26.2.23/Join-Sampling-2D/run/temp/exp2_sjs_adv_d2/datasets/F0/d2_F0_n1000000_a200_gs1_R.bin"",""path_s"":""/home/dhy/PhD/Comp-26.2.23/Join-Sampling-2D/run/temp/exp2_sjs_adv_d2/datasets/F0/d2_F0_n1000000_a200_gs1_S.bin"",""synthetic"":{""generator"":""alacarte_rectgen"",""n_r"":100000,""n_s"":100000,""alpha"":1e-06,""seed"":1}},""run"":{""method"":""ours"",""variant"":""adaptive"",""t"":10000000,""seed"":1,""repeats"":3,""j_star"":50000000,""enum_cap"":0,""write_samples"":false,""verify"":false},""output"":{""out_dir"":""/home/dhy/PhD/Comp-26.2.23/Join-Sampling-2D/run/temp/exp2_sjs_adv_d2/out/D_family_F0/D_family_F0__F0__n1000000__a200__t10000000__ours__adaptive__B50000000__w512"",""run_tag"":""""},""sys"":{""threads"":1},""logging"":{""level"":""INFO"",""with_timestamp"":true,""with_thread_id"":false}}","{""generator"":""alacarte_rectgen"",""dataset"":""d2_F0_n1000000_a200_gs1"",""n_r"":1000000,""n_s"":1000000,""has_exact_k"":false,""k_target"":0,""k_achieved"":0,""alpha_target"":200,""alpha_achieved"":207.75,""notes"":""alacarte-local alpha_expected_est=198.162 coverage=98.1068 pair_p_est=0.000396323 alpha_hat_est=207.75 epsilon_alpha=0.03875 audit_pairs=2000000""}"
d2_F0_n1000000_a200_gs1,ours,enum_sampling,0,1,1000000,1000000,10000000,1,13847.2,3.96399e+08,1,nan,nan,nan,1,0,0,,0,"{""build_active_indices_ms"":255.404193,""build_events_ms"":420.424560,""build_ranks_ms"":680.511945,""build_y_domain_ms"":168.186906,""phase1_enumerate_materialize_ms"":12137.476627,""phase2_resample_ms"":161.750059,""run_build_ms"":1547.996095,""run_count_ms"":12137.482557,""run_sample_ms"":161.754779}",,"{""dataset"":{""source"":""binary"",""name"":""d2_F0_n1000000_a200_gs1"",""dim"":2,""path_r"":""/home/dhy/PhD/Comp-26.2.23/Join-Sampling-2D/run/temp/exp2_sjs_adv_d2/datasets/F0/d2_F0_n1000000_a200_gs1_R.bin"",""path_s"":""/home/dhy/PhD/Comp-26.2.23/Join-Sampling-2D/run/temp/exp2_sjs_adv_d2/datasets/F0/d2_F0_n1000000_a200_gs1_S.bin"",""synthetic"":{""generator"":""alacarte_rectgen"",""n_r"":100000,""n_s"":100000,""alpha"":1e-06,""seed"":1}},""run"":{""method"":""ours"",""variant"":""enum_sampling"",""t"":10000000,""seed"":1,""repeats"":3,""j_star"":50000000,""enum_cap"":0,""write_samples"":false,""verify"":false},""output"":{""out_dir"":""/home/dhy/PhD/Comp-26.2.23/Join-Sampling-2D/run/temp/exp2_sjs_adv_d2/out/D_family_F0/D_family_F0__F0__n1000000__a200__t10000000__ours__enum_sampling__B50000000__w512"",""run_tag"":""""},""sys"":{""threads"":1},""logging"":{""level"":""INFO"",""with_timestamp"":true,""with_thread_id"":false}}","{""generator"":""alacarte_rectgen"",""dataset"":""d2_F0_n1000000_a200_gs1"",""n_r"":1000000,""n_s"":1000000,""has_exact_k"":false,""k_target"":0,""k_achieved"":0,""alpha_target"":200,""alpha_achieved"":207.75,""notes"":""alacarte-local alpha_expected_est=198.162 coverage=98.1068 pair_p_est=0.000396323 alpha_hat_est=207.75 epsilon_alpha=0.03875 audit_pairs=2000000""}"
d2_F0_n1000000_a200_gs1,ours,enum_sampling,1,2,1000000,1000000,10000000,1,13418.1,3.96399e+08,1,nan,nan,nan,1,0,0,,0,"{""build_active_indices_ms"":53.435315,""build_events_ms"":675.371768,""build_ranks_ms"":671.884279,""build_y_domain_ms"":163.450715,""phase1_enumerate_materialize_ms"":10375.418710,""phase2_resample_ms"":162.950352,""run_build_ms"":1580.376612,""run_count_ms"":10375.424959,""run_sample_ms"":162.954842}",,"{""dataset"":{""source"":""binary"",""name"":""d2_F0_n1000000_a200_gs1"",""dim"":2,""path_r"":""/home/dhy/PhD/Comp-26.2.23/Join-Sampling-2D/run/temp/exp2_sjs_adv_d2/datasets/F0/d2_F0_n1000000_a200_gs1_R.bin"",""path_s"":""/home/dhy/PhD/Comp-26.2.23/Join-Sampling-2D/run/temp/exp2_sjs_adv_d2/datasets/F0/d2_F0_n1000000_a200_gs1_S.bin"",""synthetic"":{""generator"":""alacarte_rectgen"",""n_r"":100000,""n_s"":100000,""alpha"":1e-06,""seed"":1}},""run"":{""method"":""ours"",""variant"":""enum_sampling"",""t"":10000000,""seed"":1,""repeats"":3,""j_star"":50000000,""enum_cap"":0,""write_samples"":false,""verify"":false},""output"":{""out_dir"":""/home/dhy/PhD/Comp-26.2.23/Join-Sampling-2D/run/temp/exp2_sjs_adv_d2/out/D_family_F0/D_family_F0__F0__n1000000__a200__t10000000__ours__enum_sampling__B50000000__w512"",""run_tag"":""""},""sys"":{""threads"":1},""logging"":{""level"":""INFO"",""with_timestamp"":true,""with_thread_id"":false}}","{""generator"":""alacarte_rectgen"",""dataset"":""d2_F0_n1000000_a200_gs1"",""n_r"":1000000,""n_s"":1000000,""has_exact_k"":false,""k_target"":0,""k_achieved"":0,""alpha_target"":200,""alpha_achieved"":207.75,""notes"":""alacarte-local alpha_expected_est=198.162 coverage=98.1068 pair_p_est=0.000396323 alpha_hat_est=207.75 epsilon_alpha=0.03875 audit_pairs=2000000""}"
d2_F0_n1000000_a200_gs1,ours,enum_sampling,2,3,1000000,1000000,10000000,1,13210.7,3.96399e+08,1,nan,nan,nan,1,0,0,,0,"{""build_active_indices_ms"":53.420684,""build_events_ms"":688.303578,""build_ranks_ms"":672.265707,""build_y_domain_ms"":170.181608,""phase1_enumerate_materialize_ms"":10165.577123,""phase2_resample_ms"":149.324375,""run_build_ms"":1600.402777,""run_count_ms"":10165.582883,""run_sample_ms"":149.329735}",,"{""dataset"":{""source"":""binary"",""name"":""d2_F0_n1000000_a200_gs1"",""dim"":2,""path_r"":""/home/dhy/PhD/Comp-26.2.23/Join-Sampling-2D/run/temp/exp2_sjs_adv_d2/datasets/F0/d2_F0_n1000000_a200_gs1_R.bin"",""path_s"":""/home/dhy/PhD/Comp-26.2.23/Join-Sampling-2D/run/temp/exp2_sjs_adv_d2/datasets/F0/d2_F0_n1000000_a200_gs1_S.bin"",""synthetic"":{""generator"":""alacarte_rectgen"",""n_r"":100000,""n_s"":100000,""alpha"":1e-06,""seed"":1}},""run"":{""method"":""ours"",""variant"":""enum_sampling"",""t"":10000000,""seed"":1,""repeats"":3,""j_star"":50000000,""enum_cap"":0,""write_samples"":false,""verify"":false},""output"":{""out_dir"":""/home/dhy/PhD/Comp-26.2.23/Join-Sampling-2D/run/temp/exp2_sjs_adv_d2/out/D_family_F0/D_family_F0__F0__n1000000__a200__t10000000__ours__enum_sampling__B50000000__w512"",""run_tag"":""""},""sys"":{""threads"":1},""logging"":{""level"":""INFO"",""with_timestamp"":true,""with_thread_id"":false}}","{""generator"":""alacarte_rectgen"",""dataset"":""d2_F0_n1000000_a200_gs1"",""n_r"":1000000,""n_s"":1000000,""has_exact_k"":false,""k_target"":0,""k_achieved"":0,""alpha_target"":200,""alpha_achieved"":207.75,""notes"":""alacarte-local alpha_expected_est=198.162 coverage=98.1068 pair_p_est=0.000396323 alpha_hat_est=207.75 epsilon_alpha=0.03875 audit_pairs=2000000""}"
d2_F0_n1000000_a200_gs1,ours,sampling,0,1,1000000,1000000,10000000,1,11974.3,3.96399e+08,1,nan,nan,nan,0,0,0,,0,"{""build_active_indices_ms"":223.536792,""build_events_ms"":431.181086,""build_ranks_ms"":679.763182,""build_y_domain_ms"":169.987986,""phase1_count_ms"":4888.164223,""phase2_plan_ms"":886.873643,""phase3_sample_ms"":4645.435239,""run_build_ms"":1538.631866,""run_count_ms"":4888.169083,""run_sample_ms"":5547.462647}",,"{""dataset"":{""source"":""binary"",""name"":""d2_F0_n1000000_a200_gs1"",""dim"":2,""path_r"":""/home/dhy/PhD/Comp-26.2.23/Join-Sampling-2D/run/temp/exp2_sjs_adv_d2/datasets/F0/d2_F0_n1000000_a200_gs1_R.bin"",""path_s"":""/home/dhy/PhD/Comp-26.2.23/Join-Sampling-2D/run/temp/exp2_sjs_adv_d2/datasets/F0/d2_F0_n1000000_a200_gs1_S.bin"",""synthetic"":{""generator"":""alacarte_rectgen"",""n_r"":100000,""n_s"":100000,""alpha"":1e-06,""seed"":1}},""run"":{""method"":""ours"",""variant"":""sampling"",""t"":10000000,""seed"":1,""repeats"":3,""j_star"":50000000,""enum_cap"":0,""write_samples"":false,""verify"":false},""output"":{""out_dir"":""/home/dhy/PhD/Comp-26.2.23/Join-Sampling-2D/run/temp/exp2_sjs_adv_d2/out/D_family_F0/D_family_F0__F0__n1000000__a200__t10000000__ours__sampling__B50000000__w512"",""run_tag"":""""},""sys"":{""threads"":1},""logging"":{""level"":""INFO"",""with_timestamp"":true,""with_thread_id"":false}}","{""generator"":""alacarte_rectgen"",""dataset"":""d2_F0_n1000000_a200_gs1"",""n_r"":1000000,""n_s"":1000000,""has_exact_k"":false,""k_target"":0,""k_achieved"":0,""alpha_target"":200,""alpha_achieved"":207.75,""notes"":""alacarte-local alpha_expected_est=198.162 coverage=98.1068 pair_p_est=0.000396323 alpha_hat_est=207.75 epsilon_alpha=0.03875 audit_pairs=2000000""}"
d2_F0_n1000000_a200_gs1,ours,sampling,1,2,1000000,1000000,10000000,1,13186,3.96399e+08,1,nan,nan,nan,0,0,0,,0,"{""build_active_indices_ms"":53.054929,""build_events_ms"":699.187137,""build_ranks_ms"":684.611624,""build_y_domain_ms"":163.287091,""phase1_count_ms"":4796.254276,""phase2_plan_ms"":873.160875,""phase3_sample_ms"":4634.119231,""run_build_ms"":1617.996401,""run_count_ms"":4796.260156,""run_sample_ms"":5510.834512}",,"{""dataset"":{""source"":""binary"",""name"":""d2_F0_n1000000_a200_gs1"",""dim"":2,""path_r"":""/home/dhy/PhD/Comp-26.2.23/Join-Sampling-2D/run/temp/exp2_sjs_adv_d2/datasets/F0/d2_F0_n1000000_a200_gs1_R.bin"",""path_s"":""/home/dhy/PhD/Comp-26.2.23/Join-Sampling-2D/run/temp/exp2_sjs_adv_d2/datasets/F0/d2_F0_n1000000_a200_gs1_S.bin"",""synthetic"":{""generator"":""alacarte_rectgen"",""n_r"":100000,""n_s"":100000,""alpha"":1e-06,""seed"":1}},""run"":{""method"":""ours"",""variant"":""sampling"",""t"":10000000,""seed"":1,""repeats"":3,""j_star"":50000000,""enum_cap"":0,""write_samples"":false,""verify"":false},""output"":{""out_dir"":""/home/dhy/PhD/Comp-26.2.23/Join-Sampling-2D/run/temp/exp2_sjs_adv_d2/out/D_family_F0/D_family_F0__F0__n1000000__a200__t10000000__ours__sampling__B50000000__w512"",""run_tag"":""""},""sys"":{""threads"":1},""logging"":{""level"":""INFO"",""with_timestamp"":true,""with_thread_id"":false}}","{""generator"":""alacarte_rectgen"",""dataset"":""d2_F0_n1000000_a200_gs1"",""n_r"":1000000,""n_s"":1000000,""has_exact_k"":false,""k_target"":0,""k_achieved"":0,""alpha_target"":200,""alpha_achieved"":207.75,""notes"":""alacarte-local alpha_expected_est=198.162 coverage=98.1068 pair_p_est=0.000396323 alpha_hat_est=207.75 epsilon_alpha=0.03875 audit_pairs=2000000""}"
d2_F0_n1000000_a200_gs1,ours,sampling,2,3,1000000,1000000,10000000,1,13167.3,3.96399e+08,1,nan,nan,nan,0,0,0,,0,"{""build_active_indices_ms"":53.014729,""build_events_ms"":677.439989,""build_ranks_ms"":674.952773,""build_y_domain_ms"":172.858494,""phase1_count_ms"":4811.462012,""phase2_plan_ms"":846.840610,""phase3_sample_ms"":4636.982491,""run_build_ms"":1596.240838,""run_count_ms"":4811.466372,""run_sample_ms"":5500.691920}",,"{""dataset"":{""source"":""binary"",""name"":""d2_F0_n1000000_a200_gs1"",""dim"":2,""path_r"":""/home/dhy/PhD/Comp-26.2.23/Join-Sampling-2D/run/temp/exp2_sjs_adv_d2/datasets/F0/d2_F0_n1000000_a200_gs1_R.bin"",""path_s"":""/home/dhy/PhD/Comp-26.2.23/Join-Sampling-2D/run/temp/exp2_sjs_adv_d2/datasets/F0/d2_F0_n1000000_a200_gs1_S.bin"",""synthetic"":{""generator"":""alacarte_rectgen"",""n_r"":100000,""n_s"":100000,""alpha"":1e-06,""seed"":1}},""run"":{""method"":""ours"",""variant"":""sampling"",""t"":10000000,""seed"":1,""repeats"":3,""j_star"":50000000,""enum_cap"":0,""write_samples"":false,""verify"":false},""output"":{""out_dir"":""/home/dhy/PhD/Comp-26.2.23/Join-Sampling-2D/run/temp/exp2_sjs_adv_d2/out/D_family_F0/D_family_F0__F0__n1000000__a200__t10000000__ours__sampling__B50000000__w512"",""run_tag"":""""},""sys"":{""threads"":1},""logging"":{""level"":""INFO"",""with_timestamp"":true,""with_thread_id"":false}}","{""generator"":""alacarte_rectgen"",""dataset"":""d2_F0_n1000000_a200_gs1"",""n_r"":1000000,""n_s"":1000000,""has_exact_k"":false,""k_target"":0,""k_achieved"":0,""alpha_target"":200,""alpha_achieved"":207.75,""notes"":""alacarte-local alpha_expected_est=198.162 coverage=98.1068 pair_p_est=0.000396323 alpha_hat_est=207.75 epsilon_alpha=0.03875 audit_pairs=2000000""}"
d2_F0_n1000000_a200_gs1,range_tree,adaptive,0,1,1000000,1000000,10000000,1,72822.4,3.96399e+08,1,nan,nan,nan,0,0,0,framework_III,0,"{""build_ms"":1471.671966,""build_events_ms"":431.151957,""build_range_trees_ms"":594.721529,""build_rank_arrays_ms"":383.223156,""build_start_index_ms"":58.224828,""phase1_count_and_cache_ms"":37427.052581,""phase2_alias_ms"":75.200644,""phase2_fill_ms"":135.819865,""phase3_fill_residual_ms"":32582.208661,""run_build_ms"":1471.673437,""run_count_ms"":37427.058311,""run_sample_ms"":33923.654362}",,"{""dataset"":{""source"":""binary"",""name"":""d2_F0_n1000000_a200_gs1"",""dim"":2,""path_r"":""/home/dhy/PhD/Comp-26.2.23/Join-Sampling-2D/run/temp/exp2_sjs_adv_d2/datasets/F0/d2_F0_n1000000_a200_gs1_R.bin"",""path_s"":""/home/dhy/PhD/Comp-26.2.23/Join-Sampling-2D/run/temp/exp2_sjs_adv_d2/datasets/F0/d2_F0_n1000000_a200_gs1_S.bin"",""synthetic"":{""generator"":""alacarte_rectgen"",""n_r"":100000,""n_s"":100000,""alpha"":1e-06,""seed"":1}},""run"":{""method"":""range_tree"",""variant"":""adaptive"",""t"":10000000,""seed"":1,""repeats"":3,""j_star"":50000000,""enum_cap"":0,""write_samples"":false,""verify"":false},""output"":{""out_dir"":""/home/dhy/PhD/Comp-26.2.23/Join-Sampling-2D/run/temp/exp2_sjs_adv_d2/out/D_family_F0/D_family_F0__F0__n1000000__a200__t10000000__range_tree__adaptive__B50000000__w512"",""run_tag"":""""},""sys"":{""threads"":1},""logging"":{""level"":""INFO"",""with_timestamp"":true,""with_thread_id"":false}}","{""generator"":""alacarte_rectgen"",""dataset"":""d2_F0_n1000000_a200_gs1"",""n_r"":1000000,""n_s"":1000000,""has_exact_k"":false,""k_target"":0,""k_achieved"":0,""alpha_target"":200,""alpha_achieved"":207.75,""notes"":""alacarte-local alpha_expected_est=198.162 coverage=98.1068 pair_p_est=0.000396323 alpha_hat_est=207.75 epsilon_alpha=0.03875 audit_pairs=2000000""}"
d2_F0_n1000000_a200_gs1,range_tree,adaptive,1,2,1000000,1000000,10000000,1,70722.5,3.96399e+08,1,nan,nan,nan,0,0,0,framework_III,0,"{""build_ms"":1150.749995,""build_events_ms"":420.202396,""build_range_trees_ms"":314.559179,""build_rank_arrays_ms"":366.331667,""build_start_index_ms"":49.205271,""phase1_count_and_cache_ms"":35612.607027,""phase2_alias_ms"":60.483205,""phase2_fill_ms"":99.096240,""phase3_fill_residual_ms"":32669.530622,""run_build_ms"":1150.751985,""run_count_ms"":35612.612806,""run_sample_ms"":33954.187558}",,"{""dataset"":{""source"":""binary"",""name"":""d2_F0_n1000000_a200_gs1"",""dim"":2,""path_r"":""/home/dhy/PhD/Comp-26.2.23/Join-Sampling-2D/run/temp/exp2_sjs_adv_d2/datasets/F0/d2_F0_n1000000_a200_gs1_R.bin"",""path_s"":""/home/dhy/PhD/Comp-26.2.23/Join-Sampling-2D/run/temp/exp2_sjs_adv_d2/datasets/F0/d2_F0_n1000000_a200_gs1_S.bin"",""synthetic"":{""generator"":""alacarte_rectgen"",""n_r"":100000,""n_s"":100000,""alpha"":1e-06,""seed"":1}},""run"":{""method"":""range_tree"",""variant"":""adaptive"",""t"":10000000,""seed"":1,""repeats"":3,""j_star"":50000000,""enum_cap"":0,""write_samples"":false,""verify"":false},""output"":{""out_dir"":""/home/dhy/PhD/Comp-26.2.23/Join-Sampling-2D/run/temp/exp2_sjs_adv_d2/out/D_family_F0/D_family_F0__F0__n1000000__a200__t10000000__range_tree__adaptive__B50000000__w512"",""run_tag"":""""},""sys"":{""threads"":1},""logging"":{""level"":""INFO"",""with_timestamp"":true,""with_thread_id"":false}}","{""generator"":""alacarte_rectgen"",""dataset"":""d2_F0_n1000000_a200_gs1"",""n_r"":1000000,""n_s"":1000000,""has_exact_k"":false,""k_target"":0,""k_achieved"":0,""alpha_target"":200,""alpha_achieved"":207.75,""notes"":""alacarte-local alpha_expected_est=198.162 coverage=98.1068 pair_p_est=0.000396323 alpha_hat_est=207.75 epsilon_alpha=0.03875 audit_pairs=2000000""}"
d2_F0_n1000000_a200_gs1,range_tree,adaptive,2,3,1000000,1000000,10000000,1,70880.7,3.96399e+08,1,nan,nan,nan,0,0,0,framework_III,0,"{""build_ms"":1134.308798,""build_events_ms"":425.071915,""build_range_trees_ms"":307.230457,""build_rank_arrays_ms"":365.151492,""build_start_index_ms"":33.199910,""phase1_count_and_cache_ms"":35771.632658,""phase2_alias_ms"":63.314120,""phase2_fill_ms"":99.074560,""phase3_fill_residual_ms"":32704.122127,""run_build_ms"":1134.310828,""run_count_ms"":35771.638398,""run_sample_ms"":33973.110552}",,"{""dataset"":{""source"":""binary"",""name"":""d2_F0_n1000000_a200_gs1"",""dim"":2,""path_r"":""/home/dhy/PhD/Comp-26.2.23/Join-Sampling-2D/run/temp/exp2_sjs_adv_d2/datasets/F0/d2_F0_n1000000_a200_gs1_R.bin"",""path_s"":""/home/dhy/PhD/Comp-26.2.23/Join-Sampling-2D/run/temp/exp2_sjs_adv_d2/datasets/F0/d2_F0_n1000000_a200_gs1_S.bin"",""synthetic"":{""generator"":""alacarte_rectgen"",""n_r"":100000,""n_s"":100000,""alpha"":1e-06,""seed"":1}},""run"":{""method"":""range_tree"",""variant"":""adaptive"",""t"":10000000,""seed"":1,""repeats"":3,""j_star"":50000000,""enum_cap"":0,""write_samples"":false,""verify"":false},""output"":{""out_dir"":""/home/dhy/PhD/Comp-26.2.23/Join-Sampling-2D/run/temp/exp2_sjs_adv_d2/out/D_family_F0/D_family_F0__F0__n1000000__a200__t10000000__range_tree__adaptive__B50000000__w512"",""run_tag"":""""},""sys"":{""threads"":1},""logging"":{""level"":""INFO"",""with_timestamp"":true,""with_thread_id"":false}}","{""generator"":""alacarte_rectgen"",""dataset"":""d2_F0_n1000000_a200_gs1"",""n_r"":1000000,""n_s"":1000000,""has_exact_k"":false,""k_target"":0,""k_achieved"":0,""alpha_target"":200,""alpha_achieved"":207.75,""notes"":""alacarte-local alpha_expected_est=198.162 coverage=98.1068 pair_p_est=0.000396323 alpha_hat_est=207.75 epsilon_alpha=0.03875 audit_pairs=2000000""}"
d2_F0_n1000000_a200_gs1,range_tree,enum_sampling,0,1,1000000,1000000,10000000,1,78285.5,3.96399e+08,1,nan,nan,nan,1,0,0,,0,"{""build_ms"":0.000120,""phase1_enumerate_materialize_ms"":78119.152303,""phase2_resample_ms"":166.287763,""run_build_ms"":0.007490,""run_count_ms"":78119.160403,""run_sample_ms"":166.291063}",,"{""dataset"":{""source"":""binary"",""name"":""d2_F0_n1000000_a200_gs1"",""dim"":2,""path_r"":""/home/dhy/PhD/Comp-26.2.23/Join-Sampling-2D/run/temp/exp2_sjs_adv_d2/datasets/F0/d2_F0_n1000000_a200_gs1_R.bin"",""path_s"":""/home/dhy/PhD/Comp-26.2.23/Join-Sampling-2D/run/temp/exp2_sjs_adv_d2/datasets/F0/d2_F0_n1000000_a200_gs1_S.bin"",""synthetic"":{""generator"":""alacarte_rectgen"",""n_r"":100000,""n_s"":100000,""alpha"":1e-06,""seed"":1}},""run"":{""method"":""range_tree"",""variant"":""enum_sampling"",""t"":10000000,""seed"":1,""repeats"":3,""j_star"":50000000,""enum_cap"":0,""write_samples"":false,""verify"":false},""output"":{""out_dir"":""/home/dhy/PhD/Comp-26.2.23/Join-Sampling-2D/run/temp/exp2_sjs_adv_d2/out/D_family_F0/D_family_F0__F0__n1000000__a200__t10000000__range_tree__enum_sampling__B50000000__w512"",""run_tag"":""""},""sys"":{""threads"":1},""logging"":{""level"":""INFO"",""with_timestamp"":true,""with_thread_id"":false}}","{""generator"":""alacarte_rectgen"",""dataset"":""d2_F0_n1000000_a200_gs1"",""n_r"":1000000,""n_s"":1000000,""has_exact_k"":false,""k_target"":0,""k_achieved"":0,""alpha_target"":200,""alpha_achieved"":207.75,""notes"":""alacarte-local alpha_expected_est=198.162 coverage=98.1068 pair_p_est=0.000396323 alpha_hat_est=207.75 epsilon_alpha=0.03875 audit_pairs=2000000""}"
d2_F0_n1000000_a200_gs1,range_tree,enum_sampling,1,2,1000000,1000000,10000000,1,80551.5,3.96399e+08,1,nan,nan,nan,1,0,0,,0,"{""build_ms"":0.000030,""phase1_enumerate_materialize_ms"":80002.938017,""phase2_resample_ms"":548.532334,""run_build_ms"":0.000490,""run_count_ms"":80002.943796,""run_sample_ms"":548.536264}",,"{""dataset"":{""source"":""binary"",""name"":""d2_F0_n1000000_a200_gs1"",""dim"":2,""path_r"":""/home/dhy/PhD/Comp-26.2.23/Join-Sampling-2D/run/temp/exp2_sjs_adv_d2/datasets/F0/d2_F0_n1000000_a200_gs1_R.bin"",""path_s"":""/home/dhy/PhD/Comp-26.2.23/Join-Sampling-2D/run/temp/exp2_sjs_adv_d2/datasets/F0/d2_F0_n1000000_a200_gs1_S.bin"",""synthetic"":{""generator"":""alacarte_rectgen"",""n_r"":100000,""n_s"":100000,""alpha"":1e-06,""seed"":1}},""run"":{""method"":""range_tree"",""variant"":""enum_sampling"",""t"":10000000,""seed"":1,""repeats"":3,""j_star"":50000000,""enum_cap"":0,""write_samples"":false,""verify"":false},""output"":{""out_dir"":""/home/dhy/PhD/Comp-26.2.23/Join-Sampling-2D/run/temp/exp2_sjs_adv_d2/out/D_family_F0/D_family_F0__F0__n1000000__a200__t10000000__range_tree__enum_sampling__B50000000__w512"",""run_tag"":""""},""sys"":{""threads"":1},""logging"":{""level"":""INFO"",""with_timestamp"":true,""with_thread_id"":false}}","{""generator"":""alacarte_rectgen"",""dataset"":""d2_F0_n1000000_a200_gs1"",""n_r"":1000000,""n_s"":1000000,""has_exact_k"":false,""k_target"":0,""k_achieved"":0,""alpha_target"":200,""alpha_achieved"":207.75,""notes"":""alacarte-local alpha_expected_est=198.162 coverage=98.1068 pair_p_est=0.000396323 alpha_hat_est=207.75 epsilon_alpha=0.03875 audit_pairs=2000000""}"
d2_F0_n1000000_a200_gs1,range_tree,enum_sampling,2,3,1000000,1000000,10000000,1,76600.7,3.96399e+08,1,nan,nan,nan,1,0,0,,0,"{""build_ms"":0.000030,""phase1_enumerate_materialize_ms"":76336.299683,""phase2_resample_ms"":264.363641,""run_build_ms"":0.000490,""run_count_ms"":76336.305903,""run_sample_ms"":264.366201}",,"{""dataset"":{""source"":""binary"",""name"":""d2_F0_n1000000_a200_gs1"",""dim"":2,""path_r"":""/home/dhy/PhD/Comp-26.2.23/Join-Sampling-2D/run/temp/exp2_sjs_adv_d2/datasets/F0/d2_F0_n1000000_a200_gs1_R.bin"",""path_s"":""/home/dhy/PhD/Comp-26.2.23/Join-Sampling-2D/run/temp/exp2_sjs_adv_d2/datasets/F0/d2_F0_n1000000_a200_gs1_S.bin"",""synthetic"":{""generator"":""alacarte_rectgen"",""n_r"":100000,""n_s"":100000,""alpha"":1e-06,""seed"":1}},""run"":{""method"":""range_tree"",""variant"":""enum_sampling"",""t"":10000000,""seed"":1,""repeats"":3,""j_star"":50000000,""enum_cap"":0,""write_samples"":false,""verify"":false},""output"":{""out_dir"":""/home/dhy/PhD/Comp-26.2.23/Join-Sampling-2D/run/temp/exp2_sjs_adv_d2/out/D_family_F0/D_family_F0__F0__n1000000__a200__t10000000__range_tree__enum_sampling__B50000000__w512"",""run_tag"":""""},""sys"":{""threads"":1},""logging"":{""level"":""INFO"",""with_timestamp"":true,""with_thread_id"":false}}","{""generator"":""alacarte_rectgen"",""dataset"":""d2_F0_n1000000_a200_gs1"",""n_r"":1000000,""n_s"":1000000,""has_exact_k"":false,""k_target"":0,""k_achieved"":0,""alpha_target"":200,""alpha_achieved"":207.75,""notes"":""alacarte-local alpha_expected_est=198.162 coverage=98.1068 pair_p_est=0.000396323 alpha_hat_est=207.75 epsilon_alpha=0.03875 audit_pairs=2000000""}"
d2_F0_n1000000_a200_gs1,range_tree,sampling,0,1,1000000,1000000,10000000,1,66737.3,3.96399e+08,1,nan,nan,nan,0,0,0,,0,"{""build_ms"":1426.228419,""build_events_ms"":420.671084,""build_range_trees_ms"":601.268085,""build_rank_arrays_ms"":380.704440,""build_start_index_ms"":19.951597,""phase1_count_ms"":29979.342975,""phase2_alias_ms"":35331.676811,""phase3_sweep_ms"":34258.356771,""run_build_ms"":1426.234099,""run_count_ms"":29979.347325,""run_sample_ms"":35331.679561}",,"{""dataset"":{""source"":""binary"",""name"":""d2_F0_n1000000_a200_gs1"",""dim"":2,""path_r"":""/home/dhy/PhD/Comp-26.2.23/Join-Sampling-2D/run/temp/exp2_sjs_adv_d2/datasets/F0/d2_F0_n1000000_a200_gs1_R.bin"",""path_s"":""/home/dhy/PhD/Comp-26.2.23/Join-Sampling-2D/run/temp/exp2_sjs_adv_d2/datasets/F0/d2_F0_n1000000_a200_gs1_S.bin"",""synthetic"":{""generator"":""alacarte_rectgen"",""n_r"":100000,""n_s"":100000,""alpha"":1e-06,""seed"":1}},""run"":{""method"":""range_tree"",""variant"":""sampling"",""t"":10000000,""seed"":1,""repeats"":3,""j_star"":50000000,""enum_cap"":0,""write_samples"":false,""verify"":false},""output"":{""out_dir"":""/home/dhy/PhD/Comp-26.2.23/Join-Sampling-2D/run/temp/exp2_sjs_adv_d2/out/D_family_F0/D_family_F0__F0__n1000000__a200__t10000000__range_tree__sampling__B50000000__w512"",""run_tag"":""""},""sys"":{""threads"":1},""logging"":{""level"":""INFO"",""with_timestamp"":true,""with_thread_id"":false}}","{""generator"":""alacarte_rectgen"",""dataset"":""d2_F0_n1000000_a200_gs1"",""n_r"":1000000,""n_s"":1000000,""has_exact_k"":false,""k_target"":0,""k_achieved"":0,""alpha_target"":200,""alpha_achieved"":207.75,""notes"":""alacarte-local alpha_expected_est=198.162 coverage=98.1068 pair_p_est=0.000396323 alpha_hat_est=207.75 epsilon_alpha=0.03875 audit_pairs=2000000""}"
d2_F0_n1000000_a200_gs1,range_tree,sampling,1,2,1000000,1000000,10000000,1,66138.5,3.96399e+08,1,nan,nan,nan,0,0,0,,0,"{""build_ms"":1111.616785,""build_events_ms"":416.343122,""build_range_trees_ms"":312.133772,""build_rank_arrays_ms"":365.568182,""build_start_index_ms"":13.953631,""phase1_count_ms"":29799.383057,""phase2_alias_ms"":35227.495738,""phase3_sweep_ms"":34141.613841,""run_build_ms"":1111.617795,""run_count_ms"":29799.387336,""run_sample_ms"":35227.498257}",,"{""dataset"":{""source"":""binary"",""name"":""d2_F0_n1000000_a200_gs1"",""dim"":2,""path_r"":""/home/dhy/PhD/Comp-26.2.23/Join-Sampling-2D/run/temp/exp2_sjs_adv_d2/datasets/F0/d2_F0_n1000000_a200_gs1_R.bin"",""path_s"":""/home/dhy/PhD/Comp-26.2.23/Join-Sampling-2D/run/temp/exp2_sjs_adv_d2/datasets/F0/d2_F0_n1000000_a200_gs1_S.bin"",""synthetic"":{""generator"":""alacarte_rectgen"",""n_r"":100000,""n_s"":100000,""alpha"":1e-06,""seed"":1}},""run"":{""method"":""range_tree"",""variant"":""sampling"",""t"":10000000,""seed"":1,""repeats"":3,""j_star"":50000000,""enum_cap"":0,""write_samples"":false,""verify"":false},""output"":{""out_dir"":""/home/dhy/PhD/Comp-26.2.23/Join-Sampling-2D/run/temp/exp2_sjs_adv_d2/out/D_family_F0/D_family_F0__F0__n1000000__a200__t10000000__range_tree__sampling__B50000000__w512"",""run_tag"":""""},""sys"":{""threads"":1},""logging"":{""level"":""INFO"",""with_timestamp"":true,""with_thread_id"":false}}","{""generator"":""alacarte_rectgen"",""dataset"":""d2_F0_n1000000_a200_gs1"",""n_r"":1000000,""n_s"":1000000,""has_exact_k"":false,""k_target"":0,""k_achieved"":0,""alpha_target"":200,""alpha_achieved"":207.75,""notes"":""alacarte-local alpha_expected_est=198.162 coverage=98.1068 pair_p_est=0.000396323 alpha_hat_est=207.75 epsilon_alpha=0.03875 audit_pairs=2000000""}"
d2_F0_n1000000_a200_gs1,range_tree,sampling,2,3,1000000,1000000,10000000,1,65907.4,3.96399e+08,1,nan,nan,nan,0,0,0,,0,"{""build_ms"":1119.717268,""build_events_ms"":421.312549,""build_range_trees_ms"":311.430733,""build_rank_arrays_ms"":369.009421,""build_start_index_ms"":13.948530,""phase1_count_ms"":29622.837040,""phase2_alias_ms"":35164.859927,""phase3_sweep_ms"":34097.763873,""run_build_ms"":1119.718729,""run_count_ms"":29622.840950,""run_sample_ms"":35164.862537}",,"{""dataset"":{""source"":""binary"",""name"":""d2_F0_n1000000_a200_gs1"",""dim"":2,""path_r"":""/home/dhy/PhD/Comp-26.2.23/Join-Sampling-2D/run/temp/exp2_sjs_adv_d2/datasets/F0/d2_F0_n1000000_a200_gs1_R.bin"",""path_s"":""/home/dhy/PhD/Comp-26.2.23/Join-Sampling-2D/run/temp/exp2_sjs_adv_d2/datasets/F0/d2_F0_n1000000_a200_gs1_S.bin"",""synthetic"":{""generator"":""alacarte_rectgen"",""n_r"":100000,""n_s"":100000,""alpha"":1e-06,""seed"":1}},""run"":{""method"":""range_tree"",""variant"":""sampling"",""t"":10000000,""seed"":1,""repeats"":3,""j_star"":50000000,""enum_cap"":0,""write_samples"":false,""verify"":false},""output"":{""out_dir"":""/home/dhy/PhD/Comp-26.2.23/Join-Sampling-2D/run/temp/exp2_sjs_adv_d2/out/D_family_F0/D_family_F0__F0__n1000000__a200__t10000000__range_tree__sampling__B50000000__w512"",""run_tag"":""""},""sys"":{""threads"":1},""logging"":{""level"":""INFO"",""with_timestamp"":true,""with_thread_id"":false}}","{""generator"":""alacarte_rectgen"",""dataset"":""d2_F0_n1000000_a200_gs1"",""n_r"":1000000,""n_s"":1000000,""has_exact_k"":false,""k_target"":0,""k_achieved"":0,""alpha_target"":200,""alpha_achieved"":207.75,""notes"":""alacarte-local alpha_expected_est=198.162 coverage=98.1068 pair_p_est=0.000396323 alpha_hat_est=207.75 epsilon_alpha=0.03875 audit_pairs=2000000""}"
